cell_id,node_id,f_veg,f_topo,ndmi_last,ndmi_fecha
r23c6,42.6_1.5,1.17258,0.986704,-0.0291,2026-06-25
r23c8,42.6_1.5,1.121567,1.064582,0.0269,2026-06-25
r23c7,42.6_1.5,1.121111,1.070352,0.0274,2026-06-25
r23c9,42.6_1.5,1.104441,1.037123,0.0457,2026-06-25
r24c10,42.7_1.5,1.045684,1.03123,0.1102,2026-06-25
r24c11,42.7_1.5,1.100251,1.049157,0.0503,2026-06-25
r24c8,42.7_1.5,1.072831,0.959345,0.0804,2026-06-25
r24c13,42.7_1.6,1.2,0.987216,-0.0966,2026-06-25
r24c5,42.6_1.5,1.134229,1.02198,0.013,2026-06-25
r24c6,42.7_1.5,1.123389,1.045139,0.0249,2026-06-25
r24c7,42.7_1.5,1.040401,1.004226,0.116,2026-06-25
r23c5,42.6_1.5,1.164564,1.010194,-0.0203,2026-06-25
r24c12,42.7_1.6,1.091232,1.003243,0.0602,2026-06-25
r23c13,42.6_1.6,1.106809,0.987908,0.0431,2026-06-25
r4c10,42.5_1.5,1.2,0.981748,-0.0646,2026-06-25
r23c11,42.6_1.5,1.046049,0.968733,0.1098,2026-06-25
r23c10,42.6_1.5,1.128672,1.018176,0.0191,2026-06-25
r22c9,42.6_1.5,0.987839,1.048092,0.1737,2026-06-25
r22c8,42.6_1.5,0.928627,1.017566,0.2387,2026-06-25
r22c7,42.6_1.5,0.97135,1.002659,0.1918,2026-06-25
r22c6,42.6_1.5,1.045502,0.977062,0.1104,2026-06-25
r22c5,42.6_1.5,1.108813,1.001909,0.0409,2026-06-25
r22c4,42.6_1.5,1.169847,1.019949,-0.0261,2026-06-25
r22c14,42.6_1.6,1.146436,1.002294,-0.0004,2026-06-25
r22c13,42.6_1.6,1.134411,1.023544,0.0128,2026-06-25
r22c12,42.6_1.6,0.997222,1.024933,0.1634,2026-06-25
r24c9,42.7_1.5,1.109907,1.033483,0.0397,2026-06-25
r22c11,42.6_1.6,1.031018,1.059962,0.1263,2026-06-25
r23c12,42.6_1.6,1.017354,1.030072,0.1413,2026-06-25
r2c10,42.5_1.5,0.970348,1.001054,0.1929,2026-06-25
r3c9,42.5_1.5,0.998406,1.047013,0.1621,2026-06-25
r2c12,42.5_1.6,1.185789,1.011531,-0.0436,2026-06-25
r22c10,42.6_1.5,1.08194,1.04469,0.0704,2026-06-25
r3c8,42.5_1.5,0.969893,1.00893,0.1934,2026-06-25
r3c7,42.5_1.5,0.975268,0.980694,0.1875,2026-06-25
r3c6,42.5_1.5,1.03785,0.994966,0.1188,2026-06-25
r3c5,42.5_1.5,1.062173,1.053714,0.0921,2026-06-25
r3c4,42.5_1.5,1.039581,1.07646,0.1169,2026-06-25
r3c3,42.5_1.5,1.022091,1.039109,0.1361,2026-06-25
r3c2,42.5_1.4,0.931815,0.987337,0.2352,2026-06-25
r3c19,42.5_1.7,1.154361,1.014579,-0.0091,2026-06-25
r3c18,42.5_1.6,1.161376,1.018663,-0.0168,2026-06-25
r3c17,42.5_1.6,1.188249,1.009549,-0.0463,2026-06-25
r3c16,42.5_1.6,1.175313,0.996558,-0.0321,2026-06-25
r3c15,42.5_1.6,1.135687,1.007651,0.0114,2026-06-25
r3c14,42.5_1.6,1.139148,0.982984,0.0076,2026-06-25
r3c13,42.5_1.6,1.177499,0.964232,-0.0345,2026-06-25
r3c12,42.5_1.6,1.161193,0.963195,-0.0166,2026-06-25
r3c11,42.5_1.6,1.161376,1.006418,-0.0168,2026-06-25
r3c10,42.5_1.5,1.066818,1.057209,0.087,2026-06-25
r2c9,42.5_1.5,0.974994,0.99701,0.1878,2026-06-25
r2c8,42.5_1.5,0.918333,0.99968,0.25,2026-06-25
r2c7,42.5_1.5,0.983011,1.00045,0.179,2026-06-25
r2c6,42.5_1.5,0.950216,0.9814,0.215,2026-06-25
r2c5,42.5_1.5,1.028923,1.022658,0.1286,2026-06-25
r2c4,42.5_1.5,0.968435,0.975586,0.195,2026-06-25
r2c3,42.5_1.5,0.898839,1.005143,0.2714,2026-06-25
r2c2,42.5_1.4,0.979276,1.021602,0.1831,2026-06-25
r2c13,42.5_1.6,1.2,0.980583,-0.1233,2026-06-25
r2c11,42.5_1.6,1.176588,0.975807,-0.0335,2026-06-25
r21c9,42.6_1.5,0.961148,1.010357,0.203,2026-06-25
r19c21,42.6_1.7,1.076657,1.017178,0.0762,2026-06-25
r21c7,42.6_1.5,1.005876,0.962242,0.1539,2026-06-25
r20c12,42.6_1.6,0.992211,0.971844,0.1689,2026-06-25
r20c11,42.6_1.6,0.920884,1.018783,0.2472,2026-06-25
r20c10,42.6_1.5,0.928445,1.006028,0.2389,2026-06-25
r1c9,42.4_1.5,0.873878,0.942099,0.2988,2026-06-25
r1c8,42.4_1.5,0.849829,0.920334,0.3252,2026-06-25
r1c7,42.4_1.5,0.90476,0.919885,0.2649,2026-06-25
r1c6,42.4_1.5,0.899932,0.965688,0.2702,2026-06-25
r1c5,42.4_1.5,0.983557,1.000663,0.1784,2026-06-25
r1c4,42.4_1.5,1.037577,1.035582,0.1191,2026-06-25
r1c3,42.4_1.5,0.985561,1.016841,0.1762,2026-06-25
r1c2,42.4_1.4,0.992302,1.022203,0.1688,2026-06-25
r1c11,42.4_1.6,1.174129,0.97082,-0.0308,2026-06-25
r1c10,42.4_1.5,0.976543,0.992449,0.1861,2026-06-25
r20c13,42.6_1.6,1.047506,0.984703,0.1082,2026-06-25
r19c9,42.6_1.5,0.973172,1.062742,0.1898,2026-06-25
r19c7,42.6_1.5,0.981553,1.01786,0.1806,2026-06-25
r19c6,42.6_1.5,1.121111,0.976991,0.0274,2026-06-25
r19c5,42.6_1.5,1.126395,0.994193,0.0216,2026-06-25
r19c4,42.6_1.5,1.095605,1.052785,0.0554,2026-06-25
r19c3,42.6_1.5,1.07192,1.032582,0.0814,2026-06-25
r19c26,42.6_1.7,1.162104,1.029535,-0.0176,2026-06-25
r19c25,42.6_1.7,1.2,0.953762,-0.1789,2026-06-25
r19c24,42.6_1.7,1.163562,1.026826,-0.0192,2026-06-25
r19c23,42.6_1.7,1.057071,1.036388,0.0977,2026-06-25
r19c22,42.6_1.7,1.050512,1.036167,0.1049,2026-06-25
r19c20,42.6_1.7,1.123298,1.02484,0.025,2026-06-25
r19c2,42.6_1.4,1.046322,1.038235,0.1095,2026-06-25
r4c11,42.5_1.6,1.111364,0.967631,0.0381,2026-06-25
r19c8,42.6_1.5,0.934457,1.048156,0.2323,2026-06-25
r20c14,42.6_1.6,1.127124,0.967928,0.0208,2026-06-25
r20c15,42.6_1.6,1.111637,0.985089,0.0378,2026-06-25
r20c16,42.6_1.6,1.13095,1.000509,0.0166,2026-06-25
r21c6,42.6_1.5,1.073013,0.97806,0.0802,2026-06-25
r21c5,42.6_1.5,1.093236,0.968944,0.058,2026-06-25
r21c23,42.6_1.7,1.133318,1.010559,0.014,2026-06-25
r21c22,42.6_1.7,1.142974,1.033441,0.0034,2026-06-25
r21c19,42.6_1.6,1.178501,1.04144,-0.0356,2026-06-25
r21c18,42.6_1.6,1.2,1.046493,-0.0741,2026-06-25
r21c17,42.6_1.6,1.139148,1.04023,0.0076,2026-06-25
r21c16,42.6_1.6,1.124755,1.020297,0.0234,2026-06-25
r21c15,42.6_1.6,1.133591,1.03537,0.0137,2026-06-25
r21c14,42.6_1.6,1.036666,1.024274,0.1201,2026-06-25
r21c13,42.6_1.6,1.004509,1.009941,0.1554,2026-06-25
r21c12,42.6_1.6,0.920155,0.999571,0.248,2026-06-25
r21c11,42.6_1.6,0.931269,1.02204,0.2358,2026-06-25
r21c10,42.6_1.5,0.953131,1.054898,0.2118,2026-06-25
r20c9,42.6_1.5,0.971259,1.028112,0.1919,2026-06-25
r20c8,42.6_1.5,1.057345,1.033522,0.0974,2026-06-25
r20c7,42.6_1.5,1.114188,1.033786,0.035,2026-06-25
r20c6,42.6_1.5,1.124846,1.034841,0.0233,2026-06-25
r20c5,42.6_1.5,1.129219,1.029312,0.0185,2026-06-25
r20c26,42.6_1.7,1.188158,0.988957,-0.0462,2026-06-25
r20c25,42.6_1.7,1.188977,1.034439,-0.0471,2026-06-25
r20c24,42.6_1.7,1.137509,0.990274,0.0094,2026-06-25
r20c23,42.6_1.7,1.108905,1.036019,0.0408,2026-06-25
r20c22,42.6_1.7,1.151173,1.006634,-0.0056,2026-06-25
r20c21,42.6_1.7,1.161558,1.038832,-0.017,2026-06-25
r20c20,42.6_1.7,1.151264,1.03114,-0.0057,2026-06-25
r20c19,42.6_1.6,1.076475,1.004171,0.0764,2026-06-25
r20c18,42.6_1.6,0.973172,1.030859,0.1898,2026-06-25
r20c17,42.6_1.6,1.067547,0.98993,0.0862,2026-06-25
r21c8,42.6_1.5,1.00123,1.00721,0.159,2026-06-25
r4c12,42.5_1.6,1.044045,0.967083,0.112,2026-06-25
r9c24,42.5_1.7,1.2,0.969587,-0.0824,2026-06-25
r4c14,42.5_1.6,1.079572,0.953201,0.073,2026-06-25
r8c19,42.5_1.7,1.2,0.988071,-0.066,2026-06-25
r8c18,42.5_1.6,1.198269,1.002862,-0.0573,2026-06-25
r8c17,42.5_1.6,1.12348,0.977884,0.0248,2026-06-25
r8c16,42.5_1.6,1.10854,0.969692,0.0412,2026-06-25
r8c15,42.5_1.6,1.094238,0.963087,0.0569,2026-06-25
r8c14,42.5_1.6,1.017536,0.987498,0.1411,2026-06-25
r8c13,42.5_1.6,0.965611,1.026514,0.1981,2026-06-25
r8c12,42.5_1.6,0.912867,0.977429,0.256,2026-06-25
r8c11,42.5_1.6,0.950581,0.996878,0.2146,2026-06-25
r8c10,42.5_1.5,1.029652,0.964429,0.1278,2026-06-25
r7c9,42.5_1.5,0.924254,0.983373,0.2435,2026-06-25
r7c8,42.5_1.5,0.92471,0.955894,0.243,2026-06-25
r7c7,42.5_1.5,1.06199,0.969978,0.0923,2026-06-25
r8c20,42.5_1.7,1.191893,1.002158,-0.0503,2026-06-25
r7c6,42.5_1.5,1.034115,1.064418,0.1229,2026-06-25
r7c4,42.5_1.5,1.038306,1.059027,0.1183,2026-06-25
r7c3,42.5_1.5,1.062628,1.076791,0.0916,2026-06-25
r7c25,42.5_1.7,1.079116,0.987309,0.0735,2026-06-25
r7c24,42.5_1.7,1.13177,1.022828,0.0157,2026-06-25
r7c23,42.5_1.7,1.09852,1.006863,0.0522,2026-06-25
r7c22,42.5_1.7,1.114279,0.97553,0.0349,2026-06-25
r7c21,42.5_1.7,1.162104,1.002644,-0.0176,2026-06-25
r7c20,42.5_1.7,1.198451,0.972799,-0.0575,2026-06-25
r7c2,42.5_1.4,0.990936,1.06032,0.1703,2026-06-25
r7c19,42.5_1.7,1.097973,0.986806,0.0528,2026-06-25
r7c18,42.5_1.6,1.117012,0.977535,0.0319,2026-06-25
r7c17,42.5_1.6,1.148349,0.988198,-0.0025,2026-06-25
r7c16,42.5_1.6,1.105807,1.026438,0.0442,2026-06-25
r7c5,42.5_1.5,0.966249,1.041798,0.1974,2026-06-25
r8c21,42.5_1.7,1.2,0.977622,-0.072,2026-06-25
r8c22,42.5_1.7,1.1468,0.995745,-0.0008,2026-06-25
r8c23,42.5_1.7,1.18424,0.968224,-0.0419,2026-06-25
r9c7,42.5_1.5,1.026919,1.058784,0.1308,2026-06-25
r9c6,42.5_1.5,1.048599,1.042799,0.107,2026-06-25
r9c5,42.5_1.5,0.986746,1.016596,0.1749,2026-06-25
r9c4,42.5_1.5,0.937008,0.970825,0.2295,2026-06-25
r9c25,42.5_1.7,1.2,1.000854,-0.0678,2026-06-25
r19c19,42.6_1.6,0.947666,0.98581,0.2178,2026-06-25
r9c23,42.5_1.7,1.123844,0.960751,0.0244,2026-06-25
r9c22,42.5_1.7,1.098611,0.937311,0.0521,2026-06-25
r9c21,42.5_1.7,1.133045,0.94429,0.0143,2026-06-25
r9c20,42.5_1.7,1.197358,0.988931,-0.0563,2026-06-25
r9c19,42.5_1.7,1.155637,0.970488,-0.0105,2026-06-25
r9c18,42.5_1.6,1.079481,0.969436,0.0731,2026-06-25
r9c17,42.5_1.6,1.016169,0.976652,0.1426,2026-06-25
r9c16,42.5_1.6,0.993942,0.968209,0.167,2026-06-25
r9c15,42.5_1.6,0.97217,0.967279,0.1909,2026-06-25
r9c14,42.5_1.6,0.91806,0.974451,0.2503,2026-06-25
r9c13,42.5_1.6,0.951218,1.002808,0.2139,2026-06-25
r9c12,42.5_1.6,0.957049,0.994448,0.2075,2026-06-25
r9c11,42.5_1.6,1.023002,1.039358,0.1351,2026-06-25
r9c10,42.5_1.5,1.061262,1.04964,0.0931,2026-06-25
r8c9,42.5_1.5,1.076566,0.960286,0.0763,2026-06-25
r8c8,42.5_1.5,1.108813,1.005186,0.0409,2026-06-25
r8c7,42.5_1.5,1.053063,1.083315,0.1021,2026-06-25
r8c6,42.5_1.5,1.006331,1.083815,0.1534,2026-06-25
r8c5,42.5_1.5,1.048235,1.08162,0.1074,2026-06-25
r8c4,42.5_1.5,1.067821,1.060965,0.0859,2026-06-25
r8c3,42.5_1.5,1.05197,1.043161,0.1033,2026-06-25
r8c25,42.5_1.7,1.113186,1.001201,0.0361,2026-06-25
r8c24,42.5_1.7,1.158369,1.020124,-0.0135,2026-06-25
r7c15,42.5_1.6,1.030654,1.075767,0.1267,2026-06-25
r4c13,42.5_1.6,1.059531,0.956829,0.095,2026-06-25
r7c14,42.5_1.6,0.963972,1.065012,0.1999,2026-06-25
r7c12,42.5_1.6,0.953769,1.029748,0.2111,2026-06-25
r5c3,42.5_1.5,0.95304,1.006042,0.2119,2026-06-25
r5c20,42.5_1.7,1.147711,0.966934,-0.0018,2026-06-25
r5c2,42.5_1.4,0.934001,1.024746,0.2328,2026-06-25
r5c19,42.5_1.7,1.114735,0.94617,0.0344,2026-06-25
r5c18,42.5_1.6,1.016078,0.931407,0.1427,2026-06-25
r5c17,42.5_1.6,1.04113,0.94169,0.1152,2026-06-25
r5c16,42.5_1.6,1.023002,0.939059,0.1351,2026-06-25
r5c15,42.5_1.6,1.110635,0.978938,0.0389,2026-06-25
r5c14,42.5_1.6,1.061535,0.949284,0.0928,2026-06-25
r5c13,42.5_1.6,0.98793,0.961095,0.1736,2026-06-25
r5c12,42.5_1.6,1.001776,1.00596,0.1584,2026-06-25
r5c11,42.5_1.6,1.06281,0.972486,0.0914,2026-06-25
r5c10,42.5_1.5,1.064997,0.991562,0.089,2026-06-25
r5c4,42.5_1.5,0.99376,1.052345,0.1672,2026-06-25
r5c1,42.5_1.4,1.103985,1.056726,0.0462,2026-06-25
r4c8,42.5_1.5,0.965338,1.032277,0.1984,2026-06-25
r4c7,42.5_1.5,0.967889,1.01974,0.1956,2026-06-25
r4c6,42.5_1.5,1.046777,1.012422,0.109,2026-06-25
r4c5,42.5_1.5,0.971624,1.030565,0.1915,2026-06-25
r4c4,42.5_1.5,0.937827,1.002745,0.2286,2026-06-25
r4c3,42.5_1.5,0.874789,0.975171,0.2978,2026-06-25
r4c20,42.5_1.7,1.2,0.99888,-0.0746,2026-06-25
r4c2,42.5_1.4,0.901754,0.994008,0.2682,2026-06-25
r4c19,42.5_1.7,1.2,0.976163,-0.0944,2026-06-25
r4c18,42.5_1.6,1.158916,0.990681,-0.0141,2026-06-25
r4c17,42.5_1.6,1.190617,0.951327,-0.0489,2026-06-25
r4c16,42.5_1.6,1.197814,0.956062,-0.0568,2026-06-25
r4c15,42.5_1.6,1.168572,0.956576,-0.0247,2026-06-25
r4c9,42.5_1.5,0.99713,1.029814,0.1635,2026-06-25
r5c5,42.5_1.5,1.024004,1.06644,0.134,2026-06-25
r5c6,42.5_1.5,0.964701,1.025913,0.1991,2026-06-25
r5c7,42.5_1.5,0.947757,1.042721,0.2177,2026-06-25
r7c11,42.5_1.6,0.937281,1.012089,0.2292,2026-06-25
r7c10,42.5_1.5,0.955136,1.007604,0.2096,2026-06-25
r7c1,42.5_1.4,0.928809,1.05441,0.2385,2026-06-25
r6c9,42.5_1.5,0.852562,0.995166,0.3222,2026-06-25
r6c8,42.5_1.5,0.853746,0.974546,0.3209,2026-06-25
r6c7,42.5_1.5,0.888454,1.024155,0.2828,2026-06-25
r6c6,42.5_1.5,1.032658,1.010468,0.1245,2026-06-25
r6c5,42.5_1.5,1.030471,1.064475,0.1269,2026-06-25
r6c4,42.5_1.5,1.006696,1.059222,0.153,2026-06-25
r6c3,42.5_1.5,1.062173,1.06455,0.0921,2026-06-25
r6c24,42.5_1.7,1.039308,1.000263,0.1172,2026-06-25
r6c23,42.5_1.7,1.044956,1.039744,0.111,2026-06-25
r6c22,42.5_1.7,1.028832,0.989905,0.1287,2026-06-25
r6c20,42.5_1.7,1.063266,0.979017,0.0909,2026-06-25
r6c2,42.5_1.4,1.053974,1.03693,0.1011,2026-06-25
r6c19,42.5_1.7,1.037486,0.9686,0.1192,2026-06-25
r6c18,42.5_1.6,1.082851,1.007276,0.0694,2026-06-25
r6c17,42.5_1.6,1.063357,1.037961,0.0908,2026-06-25
r6c16,42.5_1.6,1.02701,1.015086,0.1307,2026-06-25
r6c15,42.5_1.6,1.017536,0.983224,0.1411,2026-06-25
r6c14,42.5_1.6,0.965794,0.977737,0.1979,2026-06-25
r6c13,42.5_1.6,0.91806,0.968011,0.2503,2026-06-25
r6c12,42.5_1.6,0.963243,1.010739,0.2007,2026-06-25
r6c11,42.5_1.6,0.997768,1.022992,0.1628,2026-06-25
r6c10,42.5_1.5,0.983648,0.997943,0.1783,2026-06-25
r6c1,42.5_1.4,0.896743,0.991131,0.2737,2026-06-25
r6c0,42.5_1.4,0.894102,0.968817,0.2766,2026-06-25
r5c9,42.5_1.5,0.990936,1.017587,0.1703,2026-06-25
r5c8,42.5_1.5,0.952767,1.042727,0.2122,2026-06-25
r7c13,42.5_1.6,0.965338,1.04336,0.1984,2026-06-25
r19c18,42.6_1.6,0.919517,1.025772,0.2487,2026-06-25
r14c3,42.6_1.5,0.990572,1.062799,0.1707,2026-06-25
r19c16,42.6_1.6,1.146254,1.039097,-0.0002,2026-06-25
r13c15,42.6_1.6,0.907128,0.993404,0.2623,2026-06-25
r13c14,42.6_1.6,0.944113,1.043874,0.2217,2026-06-25
r13c13,42.6_1.6,0.890731,0.949041,0.2803,2026-06-25
r13c12,42.6_1.6,0.892097,0.940593,0.2788,2026-06-25
r13c11,42.6_1.6,0.877249,0.958662,0.2951,2026-06-25
r13c10,42.6_1.5,0.906946,0.971751,0.2625,2026-06-25
r13c1,42.6_1.4,0.909679,1.002819,0.2595,2026-06-25
r13c0,42.6_1.4,0.907857,0.987244,0.2615,2026-06-25
r12c9,42.5_1.5,0.97299,1.00572,0.19,2026-06-25
r12c8,42.5_1.5,1.0578,0.942202,0.0969,2026-06-25
r12c7,42.5_1.5,0.984742,0.988601,0.1771,2026-06-25
r12c6,42.5_1.5,0.897654,0.963663,0.2727,2026-06-25
r12c5,42.5_1.5,0.914962,0.962731,0.2537,2026-06-25
r13c16,42.6_1.6,0.861489,0.954704,0.3124,2026-06-25
r12c4,42.5_1.5,0.920064,0.97465,0.2481,2026-06-25
r12c26,42.5_1.7,0.973446,0.935639,0.1895,2026-06-25
r12c25,42.5_1.7,0.969255,0.974211,0.1941,2026-06-25
r12c24,42.5_1.7,0.951218,0.972659,0.2139,2026-06-25
r12c23,42.5_1.7,0.890093,0.944796,0.281,2026-06-25
r12c22,42.5_1.7,0.986928,0.9177,0.1747,2026-06-25
r12c21,42.5_1.7,1.008791,0.9382,0.1507,2026-06-25
r12c20,42.5_1.7,1.068094,0.97247,0.0856,2026-06-25
r12c2,42.5_1.4,0.912138,0.998405,0.2568,2026-06-25
r12c19,42.5_1.6,1.009702,1.015173,0.1497,2026-06-25
r12c18,42.5_1.6,1.018629,1.017495,0.1399,2026-06-25
r12c17,42.5_1.6,0.936552,1.020011,0.23,2026-06-25
r12c16,42.5_1.6,0.951856,1.008669,0.2132,2026-06-25
r12c15,42.5_1.6,0.912958,1.043255,0.2559,2026-06-25
r12c3,42.5_1.5,0.927898,0.97596,0.2395,2026-06-25
r12c14,42.5_1.6,0.973355,1.044262,0.1896,2026-06-25
r13c17,42.6_1.6,0.964883,0.989417,0.1989,2026-06-25
r13c19,42.6_1.6,1.097153,0.942987,0.0537,2026-06-25
r14c20,42.6_1.7,0.97299,0.937526,0.19,2026-06-25
r14c2,42.6_1.4,0.946664,1.050507,0.2189,2026-06-25
r14c19,42.6_1.6,0.944933,0.941058,0.2208,2026-06-25
r14c18,42.6_1.6,0.929538,0.954446,0.2377,2026-06-25
r14c17,42.6_1.6,0.894375,0.979347,0.2763,2026-06-25
r14c16,42.6_1.6,0.857846,0.997947,0.3164,2026-06-25
r14c15,42.6_1.6,0.904578,0.944365,0.2651,2026-06-25
r14c14,42.6_1.6,0.986472,1.029355,0.1752,2026-06-25
r14c13,42.6_1.6,0.931906,1.008579,0.2351,2026-06-25
r14c12,42.6_1.6,0.904395,1.028451,0.2653,2026-06-25
r14c11,42.6_1.6,0.943202,1.010471,0.2227,2026-06-25
r14c10,42.6_1.5,1.018082,1.032962,0.1405,2026-06-25
r14c1,42.6_1.4,1.026463,1.029901,0.1313,2026-06-25
r13c18,42.6_1.6,1.047324,0.971265,0.1084,2026-06-25
r13c9,42.6_1.5,1.033842,0.956432,0.1232,2026-06-25
r13c7,42.6_1.5,0.962514,1.002763,0.2015,2026-06-25
r13c6,42.6_1.5,0.917695,1.001993,0.2507,2026-06-25
r13c5,42.6_1.5,0.959326,1.042724,0.205,2026-06-25
r13c4,42.6_1.5,0.960146,1.04675,0.2041,2026-06-25
r13c3,42.6_1.5,0.902391,1.025161,0.2675,2026-06-25
r13c26,42.6_1.7,0.864404,1.003295,0.3092,2026-06-25
r13c25,42.6_1.7,1.023548,0.993487,0.1345,2026-06-25
r13c24,42.6_1.7,1.091688,0.977298,0.0597,2026-06-25
r13c23,42.6_1.7,0.946846,1.007914,0.2187,2026-06-25
r13c22,42.6_1.7,0.903211,0.938305,0.2666,2026-06-25
r13c21,42.6_1.7,0.955136,0.943954,0.2096,2026-06-25
r13c20,42.6_1.7,1.040492,0.942299,0.1159,2026-06-25
r13c2,42.6_1.4,0.910317,0.99802,0.2588,2026-06-25
r13c8,42.6_1.5,1.019267,1.019798,0.1392,2026-06-25
r12c13,42.5_1.6,0.980369,1.066788,0.1819,2026-06-25
r12c12,42.5_1.6,1.020542,1.062987,0.1378,2026-06-25
r12c11,42.5_1.6,0.915054,1.010474,0.2536,2026-06-25
r10c3,42.5_1.5,1.009793,1.012352,0.1496,2026-06-25
r10c26,42.5_1.7,1.171669,0.952264,-0.0281,2026-06-25
r10c25,42.5_1.7,1.105079,0.98201,0.045,2026-06-25
r10c24,42.5_1.7,1.096151,0.928045,0.0548,2026-06-25
r10c23,42.5_1.7,0.994853,0.932172,0.166,2026-06-25
r10c22,42.5_1.7,1.078388,0.958497,0.0743,2026-06-25
r10c21,42.5_1.7,1.153086,1.011026,-0.0077,2026-06-25
r10c20,42.5_1.7,1.181325,0.985627,-0.0387,2026-06-25
r10c19,42.5_1.7,1.183238,1.021688,-0.0408,2026-06-25
r10c18,42.5_1.6,1.055067,1.005265,0.0999,2026-06-25
r10c17,42.5_1.6,0.947848,0.953352,0.2176,2026-06-25
r10c16,42.5_1.6,0.930722,0.968435,0.2364,2026-06-25
r10c15,42.5_1.6,0.871237,0.975851,0.3017,2026-06-25
r10c4,42.5_1.5,0.970075,0.997106,0.1932,2026-06-25
r10c14,42.5_1.6,0.85238,0.989763,0.3224,2026-06-25
r10c12,42.5_1.6,0.983375,1.01703,0.1786,2026-06-25
r10c11,42.5_1.6,1.01371,1.054939,0.1453,2026-06-25
r10c10,42.5_1.5,0.945297,1.007254,0.2204,2026-06-25
r0c9,42.4_1.5,0.984195,0.94912,0.1777,2026-06-25
r0c8,42.4_1.5,0.990298,0.974784,0.171,2026-06-25
r0c7,42.4_1.5,0.93801,0.993675,0.2284,2026-06-25
r0c6,42.4_1.5,0.954042,1.014507,0.2108,2026-06-25
r0c5,42.4_1.5,0.957959,0.980572,0.2065,2026-06-25
r0c4,42.4_1.5,1.026645,1.01398,0.1311,2026-06-25
r0c3,42.4_1.5,1.051606,1.046662,0.1037,2026-06-25
r0c11,42.4_1.6,1.067365,0.97747,0.0864,2026-06-25
r0c10,42.4_1.5,1.008244,0.954085,0.1513,2026-06-25
r9c8,42.5_1.5,1.043498,1.06103,0.1126,2026-06-25
r10c13,42.5_1.6,0.889182,0.981611,0.282,2026-06-25
r10c5,42.5_1.5,0.955591,0.971649,0.2091,2026-06-25
r10c6,42.5_1.5,0.924527,0.965079,0.2432,2026-06-25
r10c7,42.5_1.5,0.924436,0.978586,0.2433,2026-06-25
r12c10,42.5_1.5,0.965429,1.023348,0.1983,2026-06-25
r12c1,42.5_1.4,0.947483,0.987426,0.218,2026-06-25
r12c0,42.5_1.4,1.083398,0.966223,0.0688,2026-06-25
r11c9,42.5_1.5,0.940469,0.990631,0.2257,2026-06-25
r11c8,42.5_1.5,1.004874,0.998158,0.155,2026-06-25
r11c7,42.5_1.5,0.964518,1.024107,0.1993,2026-06-25
r11c6,42.5_1.5,1.02783,1.027101,0.1298,2026-06-25
r11c5,42.5_1.5,0.959599,0.976673,0.2047,2026-06-25
r11c4,42.5_1.5,0.949305,0.947876,0.216,2026-06-25
r11c3,42.5_1.5,1.034753,0.970989,0.1222,2026-06-25
r11c26,42.5_1.7,0.980278,0.924775,0.182,2026-06-25
r11c25,42.5_1.7,0.998497,0.956303,0.162,2026-06-25
r11c24,42.5_1.7,1.00123,0.950804,0.159,2026-06-25
r11c23,42.5_1.7,0.937281,0.943703,0.2292,2026-06-25
r11c22,42.5_1.7,1.048326,0.955829,0.1073,2026-06-25
r11c21,42.5_1.7,1.116192,0.952642,0.0328,2026-06-25
r11c20,42.5_1.7,1.091323,0.963066,0.0601,2026-06-25
r11c19,42.5_1.6,1.055614,0.954254,0.0993,2026-06-25
r11c18,42.5_1.6,0.946299,0.978263,0.2193,2026-06-25
r11c17,42.5_1.6,0.883261,0.956149,0.2885,2026-06-25
r11c16,42.5_1.6,0.867593,0.983645,0.3057,2026-06-25
r11c15,42.5_1.6,0.911865,1.017209,0.2571,2026-06-25
r11c14,42.5_1.6,0.969437,0.961175,0.1939,2026-06-25
r11c13,42.5_1.6,1.058893,0.976898,0.0957,2026-06-25
r11c12,42.5_1.6,1.016352,1.031362,0.1424,2026-06-25
r11c11,42.5_1.6,0.970895,1.006187,0.1923,2026-06-25
r11c10,42.5_1.5,0.929811,0.962585,0.2374,2026-06-25
r10c9,42.5_1.5,0.955591,1.041728,0.2091,2026-06-25
r10c8,42.5_1.5,0.963061,1.031329,0.2009,2026-06-25
r14c21,42.6_1.7,0.888271,0.954058,0.283,2026-06-25
r14c22,42.6_1.7,0.913232,1.013774,0.2556,2026-06-25
r14c23,42.6_1.7,0.998588,0.975409,0.1619,2026-06-25
r14c24,42.6_1.7,1.115555,0.959381,0.0335,2026-06-25
r17c6,42.6_1.5,1.0087,1.035279,0.1508,2026-06-25
r17c5,42.6_1.5,0.979185,1.056002,0.1832,2026-06-25
r17c4,42.6_1.5,0.983375,1.046189,0.1786,2026-06-25
r17c3,42.6_1.5,1.074653,1.062252,0.0784,2026-06-25
r17c26,42.6_1.7,1.160009,0.988326,-0.0153,2026-06-25
r17c25,42.6_1.7,1.11765,0.9879,0.0312,2026-06-25
r17c24,42.6_1.7,1.044409,0.960373,0.1116,2026-06-25
r17c23,42.6_1.7,1.064814,0.968624,0.0892,2026-06-25
r17c22,42.6_1.7,0.929993,0.954931,0.2372,2026-06-25
r17c21,42.6_1.7,0.830608,0.967395,0.3463,2026-06-25
r17c20,42.6_1.7,0.918515,1.017565,0.2498,2026-06-25
r17c2,42.6_1.4,1.115646,1.069114,0.0334,2026-06-25
r17c19,42.6_1.6,0.905762,1.009689,0.2638,2026-06-25
r17c7,42.6_1.5,0.998133,1.061727,0.1624,2026-06-25
r17c18,42.6_1.6,0.894739,1.030405,0.2759,2026-06-25
r17c16,42.6_1.6,0.886176,1.016099,0.2853,2026-06-25
r17c15,42.6_1.6,1.012435,1.028665,0.1467,2026-06-25
r17c14,42.6_1.6,1.005785,1.02522,0.154,2026-06-25
r17c13,42.6_1.6,1.136051,1.033022,0.011,2026-06-25
r17c12,42.6_1.6,1.137873,0.994646,0.009,2026-06-25
r17c11,42.6_1.6,0.961694,0.981852,0.2024,2026-06-25
r17c10,42.6_1.5,0.875518,0.982091,0.297,2026-06-25
r17c1,42.6_1.4,1.173765,1.042584,-0.0304,2026-06-25
r16c9,42.6_1.5,0.92225,1.042801,0.2457,2026-06-25
r16c8,42.6_1.5,0.981189,1.014285,0.181,2026-06-25
r16c7,42.6_1.5,0.913687,1.027549,0.2551,2026-06-25
r16c6,42.6_1.5,0.937008,1.061175,0.2295,2026-06-25
r16c5,42.6_1.5,0.940378,1.024897,0.2258,2026-06-25
r17c17,42.6_1.6,0.986108,1.029102,0.1756,2026-06-25
r17c8,42.6_1.5,0.987383,1.056881,0.1742,2026-06-25
r17c9,42.6_1.5,0.922523,1.007435,0.2454,2026-06-25
r18c10,42.6_1.5,0.93555,1.038491,0.2311,2026-06-25
r19c15,42.6_1.6,1.161558,1.023379,-0.017,2026-06-25
r19c14,42.6_1.6,1.131952,1.017953,0.0155,2026-06-25
r19c13,42.6_1.6,1.124391,0.972948,0.0238,2026-06-25
r19c12,42.6_1.6,1.100159,1.008903,0.0504,2026-06-25
r19c11,42.6_1.6,0.941016,1.02867,0.2251,2026-06-25
r19c10,42.6_1.5,0.914325,1.018651,0.2544,2026-06-25
r18c9,42.6_1.5,0.943293,1.023555,0.2226,2026-06-25
r18c8,42.6_1.5,0.915327,1.016693,0.2533,2026-06-25
r18c7,42.6_1.5,1.061353,1.032871,0.093,2026-06-25
r18c6,42.6_1.5,1.141972,1.025351,0.0045,2026-06-25
r18c5,42.6_1.5,1.125757,1.047231,0.0223,2026-06-25
r18c4,42.6_1.5,1.076566,1.035634,0.0763,2026-06-25
r18c3,42.6_1.5,1.100251,1.041995,0.0503,2026-06-25
r18c25,42.6_1.7,1.143521,1.014477,0.0028,2026-06-25
r18c24,42.6_1.7,1.084764,1.014907,0.0673,2026-06-25
r18c23,42.6_1.7,0.930722,0.965639,0.2364,2026-06-25
r18c22,42.6_1.7,0.899203,0.976257,0.271,2026-06-25
r18c21,42.6_1.7,0.878524,1.024653,0.2937,2026-06-25
r18c20,42.6_1.7,1.020269,1.015105,0.1381,2026-06-25
r18c2,42.6_1.4,1.18916,1.026334,-0.0473,2026-06-25
r18c19,42.6_1.6,0.971806,1.010367,0.1913,2026-06-25
r18c18,42.6_1.6,0.909223,1.022652,0.26,2026-06-25
r18c17,42.6_1.6,1.057253,1.027903,0.0975,2026-06-25
r18c16,42.6_1.6,1.009155,1.033085,0.1503,2026-06-25
r18c15,42.6_1.6,1.122842,1.004144,0.0255,2026-06-25
r18c14,42.6_1.6,1.131041,1.019659,0.0165,2026-06-25
r18c13,42.6_1.6,1.094329,1.004631,0.0568,2026-06-25
r18c12,42.6_1.6,1.003963,0.999009,0.156,2026-06-25
r18c11,42.6_1.6,0.953405,1.011306,0.2115,2026-06-25
r16c4,42.6_1.5,1.028285,1.037645,0.1293,2026-06-25
r19c17,42.6_1.6,1.14015,1.031831,0.0065,2026-06-25
r16c30,42.6_1.8,0.966522,1.040963,0.1971,2026-06-25
r16c29,42.6_1.8,1.010522,0.995466,0.1488,2026-06-25
r15c25,42.6_1.7,0.945115,1.01205,0.2206,2026-06-25
r15c24,42.6_1.7,1.021817,1.000849,0.1364,2026-06-25
r15c23,42.6_1.7,1.089137,0.984385,0.0625,2026-06-25
r15c22,42.6_1.7,0.96297,1.013816,0.201,2026-06-25
r15c21,42.6_1.7,0.891187,0.972044,0.2798,2026-06-25
r15c20,42.6_1.7,0.838442,0.934912,0.3377,2026-06-25
r15c2,42.6_1.4,1.017171,1.020832,0.1415,2026-06-25
r15c19,42.6_1.6,0.858483,0.942071,0.3157,2026-06-25
r15c18,42.6_1.6,0.858757,0.942291,0.3154,2026-06-25
r15c17,42.6_1.6,0.847825,0.976577,0.3274,2026-06-25
r15c16,42.6_1.6,0.901025,1.022837,0.269,2026-06-25
r15c15,42.6_1.6,1.008153,1.049889,0.1514,2026-06-25
r15c14,42.6_1.6,0.941836,1.02461,0.2242,2026-06-25
r15c26,42.6_1.7,1.008882,1.048496,0.1506,2026-06-25
r15c13,42.6_1.6,0.954953,1.020396,0.2098,2026-06-25
r15c11,42.6_1.6,0.940834,1.031384,0.2253,2026-06-25
r15c10,42.6_1.5,0.938738,1.031635,0.2276,2026-06-25
r14c9,42.6_1.5,0.995582,1.020323,0.1652,2026-06-25
r14c8,42.6_1.5,0.964336,1.033391,0.1995,2026-06-25
r14c7,42.6_1.5,0.976087,1.045006,0.1866,2026-06-25
r14c6,42.6_1.5,0.937554,1.03816,0.2289,2026-06-25
r14c5,42.6_1.5,0.941653,1.042857,0.2244,2026-06-25
r14c4,42.6_1.5,0.919335,1.031319,0.2489,2026-06-25
r14c29,42.6_1.8,0.892097,0.944088,0.2788,2026-06-25
r14c28,42.6_1.8,0.881257,0.942763,0.2907,2026-06-25
r14c27,42.6_1.7,0.866409,0.980972,0.307,2026-06-25
r14c26,42.6_1.7,0.945935,0.989742,0.2197,2026-06-25
r14c25,42.6_1.7,1.0578,0.955694,0.0969,2026-06-25
r15c12,42.6_1.6,0.9289,1.044815,0.2384,2026-06-25
r15c27,42.6_1.7,0.946573,1.036096,0.219,2026-06-25
r15c28,42.6_1.8,0.970166,1.048244,0.1931,2026-06-25
r15c29,42.6_1.8,0.957595,1.036648,0.2069,2026-06-25
r16c28,42.6_1.8,1.078023,1.025876,0.0747,2026-06-25
r16c27,42.6_1.7,1.110271,1.037564,0.0393,2026-06-25
r16c26,42.6_1.7,1.103894,1.029022,0.0463,2026-06-25
r16c25,42.6_1.7,1.134229,1.025413,0.013,2026-06-25
r16c24,42.6_1.7,1.12266,1.007829,0.0257,2026-06-25
r16c23,42.6_1.7,1.108358,0.972504,0.0414,2026-06-25
r16c22,42.6_1.7,1.000319,0.994057,0.16,2026-06-25
r16c21,42.6_1.7,0.909679,1.022405,0.2595,2026-06-25
r16c20,42.6_1.7,0.952038,0.993189,0.213,2026-06-25
r16c2,42.6_1.4,1.090321,0.967236,0.0612,2026-06-25
r16c19,42.6_1.6,0.971442,0.994693,0.1917,2026-06-25
r16c18,42.6_1.6,0.930904,1.008258,0.2362,2026-06-25
r16c17,42.6_1.6,0.984104,1.058128,0.1778,2026-06-25
r16c16,42.6_1.6,0.918606,1.047401,0.2497,2026-06-25
r16c15,42.6_1.6,0.914416,1.015351,0.2543,2026-06-25
r16c14,42.6_1.6,0.902756,1.036296,0.2671,2026-06-25
r16c13,42.6_1.6,1.037121,1.038032,0.1196,2026-06-25
r16c12,42.6_1.6,1.058073,1.052266,0.0966,2026-06-25
r16c11,42.6_1.6,0.908495,1.042639,0.2608,2026-06-25
r16c10,42.6_1.5,0.899112,1.033325,0.2711,2026-06-25
r16c1,42.6_1.4,1.119198,1.042412,0.0295,2026-06-25
r15c9,42.6_1.5,0.94885,1.02562,0.2165,2026-06-25
r15c8,42.6_1.5,0.963152,1.009736,0.2008,2026-06-25
r15c7,42.6_1.5,0.95887,1.049254,0.2055,2026-06-25
r15c6,42.6_1.5,0.978365,1.044739,0.1841,2026-06-25
r15c5,42.6_1.5,0.936734,1.013452,0.2298,2026-06-25
r15c4,42.6_1.5,0.95969,1.000596,0.2046,2026-06-25
r15c30,42.6_1.8,0.917149,0.984867,0.2513,2026-06-25
r15c3,42.6_1.5,1.01043,0.994572,0.1489,2026-06-25
r16c3,42.6_1.5,1.067821,0.995432,0.0859,2026-06-25
r9c9,42.5_1.5,1.020269,1.029185,0.1381,2026-06-25
